,precision,recall,f1-score,support
146133 - PH PARTO VAGINAL W/MCC,1.0,1.0,1.0,7.0
"131111 - PH PROCEDIMIENTOS SOBRE ÚTERO Y CUELLO, DILATACIÓN Y LEGRADO",0.8461538461538461,1.0,0.9166666666666666,22.0
044153 - MH INFECCIONES E INFLAMACIONES RESPIRATORIAS W/MCC,0.9259259259259259,0.8928571428571429,0.9090909090909091,28.0
134141 - MH AMENAZA DE ABORTO,0.8,1.0,0.8888888888888888,4.0
014221 - MH CONVULSIONES,1.0,0.8,0.8888888888888888,5.0
014241 - MH TRAUMATISMO CEFÁLICO,0.8461538461538461,0.9166666666666666,0.88,12.0
061501 - PH PROCEDIMIENTOS SOBRE ANO,1.0,0.75,0.8571428571428571,4.0
146131 - PH PARTO VAGINAL,0.78125,0.9259259259259259,0.847457627118644,54.0
"044211 - MH OTROS SIGNOS, SÍNTOMAS Y DIAGNÓSTICOS DE APARATO RESPIRATORIO",0.8333333333333334,0.8333333333333334,0.8333333333333334,6.0
146101 - PH CESÁREA,0.7684210526315789,0.9012345679012346,0.8295454545454546,81.0
214121 - MH ENVENENAMIENTO Y EFECTO TÓXICO DE DROGAS,0.7058823529411765,1.0,0.8275862068965517,12.0
134161 - MH TRASTORNOS DEL ANTEPARTO,0.7631578947368421,0.8787878787878788,0.8169014084507042,33.0
061131 - PH PROCEDIMIENTOS SOBRE APÉNDICE,0.7586206896551724,0.88,0.8148148148148148,25.0
"146121 - PH PARTO VAGINAL CON PROCED., EXCEPTO ESTERILIZACIÓN Y/O DILATACIÓN Y LEGRADO",0.7567567567567568,0.875,0.8115942028985508,64.0
061141 - PH PROCEDIMIENTOS SOBRE HERNIA INGUINAL Y FEMORAL,0.6666666666666666,1.0,0.8,4.0
"158171 - MH NEONATO, PESO AL NACER >2499 GR SIN PROCEDIMIENTO MAYOR",0.723404255319149,0.8717948717948718,0.7906976744186046,39.0
054123 - MH INSUFICIENCIA CARDIACA W/MCC,0.6551724137931034,0.95,0.7755102040816326,20.0
044183 - MH BRONQUIOLITIS Y ASMA W/MCC,0.7333333333333333,0.7857142857142857,0.7586206896551724,14.0
071141 - PH COLECISTECTOMÍA LAPAROSCÓPICA,0.6666666666666666,0.875,0.7567567567567568,32.0
091501 - PH PROCEDIMIENTOS SOBRE MAMA,0.6666666666666666,0.8571428571428571,0.75,7.0
131301 - PH HISTERECTOMIA VAGINAL Y OTROS PROCEDIMIENTOS POR VIA VAGINAL,0.7692307692307693,0.7142857142857143,0.7407407407407407,14.0
"091401 - PH OTRAS PROCEDIMIENTOS SOBRE PIEL, TEJIDO SUBCUTÁNEO Y MAMA",0.7272727272727273,0.7272727272727273,0.7272727272727273,11.0
131201 - PH PROCEDIMIENTOS SOBRE ÚTERO Y ANEXOS,0.6060606060606061,0.9090909090909091,0.7272727272727273,22.0
"094131 - MH TRAUMATISMO DE PIEL, TEJIDO SUBCUTÁNEO Y MAMA",0.6666666666666666,0.7692307692307693,0.7142857142857143,13.0
064172 - MH DOLOR ABDOMINAL Y OTRAS GASTROENTERITIS W/CC,0.75,0.6666666666666666,0.7058823529411765,9.0
"146123 - PH PARTO VAGINAL CON PROCED., EXCEPTO ESTERILIZACIÓN Y/O DILATACIÓN Y LEGRADO W/MCC",0.8571428571428571,0.6,0.7058823529411765,10.0
"091402 - PH OTRAS PROCEDIMIENTOS SOBRE PIEL, TEJIDO SUBCUTÁNEO Y MAMA W/CC",1.0,0.5,0.6666666666666666,4.0
114121 - MH INFECCIONES DE RIÑÓN Y TRACTO URINARIO,0.6923076923076923,0.6428571428571429,0.6666666666666666,14.0
"044213 - MH OTROS SIGNOS, SÍNTOMAS Y DIAGNÓSTICOS DE APARATO RESPIRATORIO W/MCC",1.0,0.5,0.6666666666666666,14.0
146103 - PH CESÁREA W/MCC,0.8181818181818182,0.5625,0.6666666666666666,16.0
114102 - MH NEOPLASIA DE RIÑÓN Y TRACTO URINARIO E INSUFICIENCIA RENAL W/CC,0.45454545454545453,1.0,0.625,5.0
114123 - MH INFECCIONES DE RIÑÓN Y TRACTO URINARIO W/MCC,0.47368421052631576,0.75,0.5806451612903226,12.0
044163 - MH NEUMONÍA SIMPLE Y TOS FERINA W/MCC,0.7333333333333333,0.4782608695652174,0.5789473684210527,23.0
044152 - MH INFECCIONES E INFLAMACIONES RESPIRATORIAS W/CC,1.0,0.4,0.5714285714285714,5.0
061121 - PH PROCEDIMIENTOS SOBRE HERNIA EXCEPTO INGUINAL Y FEMORAL,0.5,0.6,0.5454545454545454,5.0
194101 - MH ESQUIZOFRENIA,0.3684210526315789,1.0,0.5384615384615384,7.0
OTHER,0.41935483870967744,0.680952380952381,0.5190562613430127,210.0
061201 - PH PROCEDIMIENTOS COMPLEJOS DEL TRACTO DIGESTIVO,0.5833333333333334,0.4666666666666667,0.5185185185185185,15.0
014142 - MH ACCIDENTE CEREBROVASCULAR CON INFARTO W/CC,0.3333333333333333,0.8888888888888888,0.48484848484848486,9.0
074103 - MH HEPATITIS ALCOHÓLICA Y CIRROSIS W/MCC,1.0,0.2857142857142857,0.4444444444444444,7.0
224121 - MH OTROS FACTORES QUE INFLUYEN EN EL ESTADO DE SALUD,0.6666666666666666,0.3333333333333333,0.4444444444444444,6.0
131202 - PH PROCEDIMIENTOS SOBRE ÚTERO Y ANEXOS W/CC,1.0,0.2857142857142857,0.4444444444444444,7.0
071142 - PH COLECISTECTOMÍA LAPAROSCÓPICA W/CC,0.8,0.3076923076923077,0.4444444444444444,13.0
041013 - PH ECMO VENTILACIÓN MECÁNICA PROLONGADA CON TRAQUEOSTOMÍA W/MCC,0.42857142857142855,0.42857142857142855,0.42857142857142855,7.0
041203 - PH PROCEDIMIENTOS NO COMPLEJOS SOBRE APARATO RESPIRATORIO W/MCC,0.6666666666666666,0.3076923076923077,0.42105263157894735,13.0
"044212 - MH OTROS SIGNOS, SÍNTOMAS Y DIAGNÓSTICOS DE APARATO RESPIRATORIO W/CC",1.0,0.25,0.4,4.0
041023 - PH VENTILACIÓN MECÁNICA PROLONGADA SIN TRAQUEOSTOMÍA W/MCC,0.45,0.36,0.4,25.0
061203 - PH PROCEDIMIENTOS COMPLEJOS DEL TRACTO DIGESTIVO W/MCC,0.375,0.375,0.375,8.0
061202 - PH PROCEDIMIENTOS COMPLEJOS DEL TRACTO DIGESTIVO W/CC,0.3333333333333333,0.4,0.36363636363636365,10.0
"158131 - MH NEONATO, PESO AL NACER 2000-2499 GR SIN PROCEDIMIENTO MAYOR",0.4,0.3333333333333333,0.36363636363636365,6.0
146132 - PH PARTO VAGINAL W/CC,0.5,0.2857142857142857,0.36363636363636365,14.0
081301 - PH PROCEDIMIENTOS SOBRE PIE,0.3333333333333333,0.4,0.36363636363636365,5.0
146102 - PH CESÁREA W/CC,0.4375,0.28,0.34146341463414637,25.0
064183 - MH OTROS DIAGNÓSTICOS SOBRE APARATO DIGESTIVO W/MCC,0.5,0.2222222222222222,0.3076923076923077,9.0
214122 - MH ENVENENAMIENTO Y EFECTO TÓXICO DE DROGAS W/CC,1.0,0.16666666666666666,0.2857142857142857,6.0
061132 - PH PROCEDIMIENTOS SOBRE APÉNDICE W/CC,0.5,0.2,0.2857142857142857,5.0
134163 - MH TRASTORNOS DEL ANTEPARTO W/MCC,0.5,0.2,0.2857142857142857,5.0
134162 - MH TRASTORNOS DEL ANTEPARTO W/CC,0.3333333333333333,0.2222222222222222,0.26666666666666666,9.0
"074133 - MH ENFERMEDADES HEPÁTICAS EXCEPTO NEOPLASIAS, CIRROSIS O HEPATITIS ALCOHÓLICA W/MCC",0.5,0.16666666666666666,0.25,6.0
044181 - MH BRONQUIOLITIS Y ASMA,0.25,0.25,0.25,4.0
071143 - PH COLECISTECTOMÍA LAPAROSCÓPICA W/MCC,0.5,0.16666666666666666,0.25,6.0
"146122 - PH PARTO VAGINAL CON PROCED., EXCEPTO ESTERILIZACIÓN Y/O DILATACIÓN Y LEGRADO W/CC",0.375,0.16666666666666666,0.23076923076923078,18.0
054152 - MH OTRAS ENFERMEDADES VASCULARES Y PERIFÉRICAS W/CC,0.14285714285714285,0.25,0.18181818181818182,4.0
114131 - MH LITIASIS RENAL,0.14285714285714285,0.2,0.16666666666666666,5.0
111201 - PH OPERACIONES DEL TRACTO URINARIO SUPERIOR,0.16666666666666666,0.16666666666666666,0.16666666666666666,6.0
114122 - MH INFECCIONES DE RIÑÓN Y TRACTO URINARIO W/CC,0.25,0.09090909090909091,0.13333333333333333,11.0
044123 - MH EMBOLISMO PULMONAR W/MCC,0.0,0.0,0.0,5.0
194131 - MH TRASTORNO BIPOLAR,0.0,0.0,0.0,5.0
044162 - MH NEUMONÍA SIMPLE Y TOS FERINA W/CC,0.0,0.0,0.0,5.0
044173 - MH ENFERMEDAD PULMONAR OBSTRUCTIVA CRÓNICA W/MCC,0.0,0.0,0.0,10.0
"158132 - MH NEONATO, PESO AL NACER 2000-2499 GR SIN PROCEDIMIENTO MAYOR W/CC",0.0,0.0,0.0,5.0
044113 - MH FALLA RESPIRATORIA W/MCC,0.0,0.0,0.0,5.0
014143 - MH ACCIDENTE CEREBROVASCULAR CON INFARTO W/MCC,0.0,0.0,0.0,7.0
054101 - MH INFARTO AGUDO DE MIOCARDIO,0.0,0.0,0.0,5.0
054102 - MH INFARTO AGUDO DE MIOCARDIO W/CC,0.0,0.0,0.0,5.0
054103 - MH INFARTO AGUDO DE MIOCARDIO W/MCC,0.0,0.0,0.0,6.0
054122 - MH INSUFICIENCIA CARDIACA W/CC,0.0,0.0,0.0,7.0
184103 - MH SEPTICEMIA W/MCC,0.0,0.0,0.0,4.0
054192 - MH TRASTORNOS DE LA CONDUCCIÓN Y ARRITMIAS CARDIACAS W/CC,0.0,0.0,0.0,4.0
054151 - MH OTRAS ENFERMEDADES VASCULARES Y PERIFÉRICAS,0.0,0.0,0.0,5.0
104103 - MH DIABETES Y ENFERMEDADES METABÓLICAS Y NUTRICIONALES W/MCC,0.0,0.0,0.0,5.0
"064131 - MH DIVERTICULITIS, DIVERTICULOSIS Y ENFERMEDAD INFLAMATORIA INTESTINAL",0.0,0.0,0.0,5.0
064171 - MH DOLOR ABDOMINAL Y OTRAS GASTROENTERITIS,0.0,0.0,0.0,8.0
064181 - MH OTROS DIAGNÓSTICOS SOBRE APARATO DIGESTIVO,0.0,0.0,0.0,11.0
064182 - MH OTROS DIAGNÓSTICOS SOBRE APARATO DIGESTIVO W/CC,0.0,0.0,0.0,7.0
074121 - MH ENFERMEDADES DE PÁNCREAS EXCEPTO NEOPLASIAS,0.0,0.0,0.0,4.0
074141 - MH OTRAS ENFERMEDADES DEL SISTEMA BILIAR,0.0,0.0,0.0,5.0
074142 - MH OTRAS ENFERMEDADES DEL SISTEMA BILIAR W/CC,0.0,0.0,0.0,4.0
"131112 - PH PROCEDIMIENTOS SOBRE ÚTERO Y CUELLO, DILATACIÓN Y LEGRADO W/CC",0.0,0.0,0.0,4.0
094121 - MH CELULITIS,0.0,0.0,0.0,4.0
104101 - MH DIABETES Y ENFERMEDADES METABÓLICAS Y NUTRICIONALES,0.0,0.0,0.0,5.0
104102 - MH DIABETES Y ENFERMEDADES METABÓLICAS Y NUTRICIONALES W/CC,0.0,0.0,0.0,4.0
114103 - MH NEOPLASIA DE RIÑÓN Y TRACTO URINARIO E INSUFICIENCIA RENAL W/MCC,0.0,0.0,0.0,4.0
014141 - MH ACCIDENTE CEREBROVASCULAR CON INFARTO,0.0,0.0,0.0,7.0
